model_type,dataset_name,segment_name,window_size,horizon,train_time,train_loss,train_mae,val_loss,val_mae,test_loss,test_mae,test_rmse,test_mape,model_path,epochs_trained
TCN,國道1號_北向_五甲系統交流道_瑞隆路交流道,國道1號_北向_五甲系統交流道_瑞隆路交流道,24,24,89.50007462501526,0.25616273283958435,0.2618308961391449,0.25944772362709045,0.2662058174610138,0.2448538988828659,0.2904419004917145,19.692492697109547,15.234454947068285,C:\Users\user\Desktop\ML\SmartTrafficPredictor\1014\models\TCN_國道1號_北向_五甲系統交流道_瑞隆路交流道.h5,20
Transformer,國道1號_北向_五甲系統交流道_瑞隆路交流道,國道1號_北向_五甲系統交流道_瑞隆路交流道,24,24,160.97978734970093,0.28516602516174316,0.28962239623069763,0.26848533749580383,0.27881795167922974,0.2455972284078598,0.29817432165145874,19.768135569543645,15.14654955614969,C:\Users\user\Desktop\ML\SmartTrafficPredictor\1014\models\Transformer_國道1號_北向_五甲系統交流道_瑞隆路交流道.h5,20
LSTM,國道1號_北向_五甲系統交流道_瑞隆路交流道,國道1號_北向_五甲系統交流道_瑞隆路交流道,24,24,353.84321117401123,0.23472513258457184,0.23117497563362122,0.23039411008358002,0.22691349685192108,0.21919214725494385,0.2583369016647339,17.359557760002343,12.24284110593808,C:\Users\user\Desktop\ML\SmartTrafficPredictor\1014\models\LSTM_國道1號_北向_五甲系統交流道_瑞隆路交流道.h5,19
LSTM,國道3號_北向_中投交流道_烏日交流道,國道3號_北向_中投交流道_烏日交流道,24,24,319.0494291782379,0.14235767722129822,0.21286968886852264,0.24764566123485565,0.2699378430843353,2.0474491119384766,0.8064964413642883,43.256410806272456,32.65310199519007,C:\Users\user\Desktop\ML\SmartTrafficPredictor\1014\models\LSTM_國道3號_北向_中投交流道_烏日交流道.h5,14
TCN,國道3號_北向_中投交流道_烏日交流道,國道3號_北向_中投交流道_烏日交流道,24,24,242.4698965549469,0.18037156760692596,0.2684553861618042,0.30707696080207825,0.3323154151439667,2.3414039611816406,0.9494926333427429,69.430211704718,39.45605044524244,C:\Users\user\Desktop\ML\SmartTrafficPredictor\1014\models\TCN_國道3號_北向_中投交流道_烏日交流道.h5,19
TCN,國道5號_北向_彭山隧道前_彭山隧道後,國道5號_北向_彭山隧道前_彭山隧道後,24,24,117.54628109931946,0.21604539453983307,0.2758926451206207,0.17897066473960876,0.27125462889671326,0.2032524049282074,0.2731535732746124,20.498952234720818,18.738864957523376,C:\Users\user\Desktop\ML\SmartTrafficPredictor\1014\models\TCN_國道5號_北向_彭山隧道前_彭山隧道後.h5,20
Transformer,國道3號_北向_中投交流道_烏日交流道,國道3號_北向_中投交流道_烏日交流道,24,24,173.3362421989441,0.19243913888931274,0.27501553297042847,0.28737807273864746,0.32834747433662415,1.3295344114303589,0.7391141653060913,56.702499923436534,32.06319569125198,C:\Users\user\Desktop\ML\SmartTrafficPredictor\1014\models\Transformer_國道3號_北向_中投交流道_烏日交流道.h5,20
Transformer,國道5號_北向_彭山隧道前_彭山隧道後,國道5號_北向_彭山隧道前_彭山隧道後,24,24,134.49980807304382,0.23854948580265045,0.2916913628578186,0.19069550931453705,0.2875702381134033,0.2025333046913147,0.2754877507686615,20.62692868690915,16.58995408416928,C:\Users\user\Desktop\ML\SmartTrafficPredictor\1014\models\Transformer_國道5號_北向_彭山隧道前_彭山隧道後.h5,17
LSTM,國道5號_北向_彭山隧道前_彭山隧道後,國道5號_北向_彭山隧道前_彭山隧道後,24,24,265.6071219444275,0.18609969317913055,0.24203753471374512,0.1666678786277771,0.25181376934051514,0.1893981546163559,0.2462519109249115,18.692216789694886,14.419005532788578,C:\Users\user\Desktop\ML\SmartTrafficPredictor\1014\models\LSTM_國道5號_北向_彭山隧道前_彭山隧道後.h5,16
