time_bin,avg_speed,total_vehicles,vd_id,year,month,day,hour,weekday,day_of_year,is_weekend,is_weekday,is_holiday,is_pre_holiday,is_month_start,is_month_end,season,season_encoded,is_morning_rush,is_evening_rush,is_noon_rush,is_any_rush,is_night,is_work_hours,rush_intensity,is_rainy_season,is_cold_season,is_school_term,hour_sin,hour_cos,weekday_sin,weekday_cos,month_sin,month_cos,dayofyear_sin,dayofyear_cos,avg_speed_lag_1h,total_vehicles_lag_1h,avg_speed_lag_2h,total_vehicles_lag_2h,avg_speed_lag_3h,total_vehicles_lag_3h,avg_speed_lag_6h,total_vehicles_lag_6h,avg_speed_lag_12h,total_vehicles_lag_12h,avg_speed_lag_24h,total_vehicles_lag_24h,avg_speed_ma_3h,total_vehicles_ma_3h,avg_speed_ma_6h,total_vehicles_ma_6h,avg_speed_ma_12h,total_vehicles_ma_12h,avg_speed_ma_24h,total_vehicles_ma_24h,avg_speed_std_6h,avg_speed_std_12h,avg_speed_std_24h,weekend_rush,holiday_rush,rainy_rush,season_rush
2021-04-02 00:00:00,93.08333333333333,35.416666666666664,國道1號_北向_五甲系統交流道_瑞隆路交流道,2021,4,2,0,4,92,0,1,1,0,1,0,spring,0,0,0,0,0,1,0,0,0,0,1,0.0,1.0,-0.433883739117558,-0.9009688679024191,0.8660254037844387,-0.4999999999999998,0.9999166586547379,-0.01291029607500882,94.33333333333333,61.25,92.58333333333333,73.75,89.75,100.0,83.58333333333333,166.25,84.58333333333333,165.83333333333334,97.0909090909091,29.545454545454547,93.33333333333333,56.80555555555555,90.51388888888887,84.65277777777777,87.40277777777777,138.125,87.6111111111111,124.47916666666667,3.4060471822051452,4.030319643772233,4.13185944580296,0,0,0,0
2021-04-02 01:00:00,96.25,24.166666666666668,國道1號_北向_五甲系統交流道_瑞隆路交流道,2021,4,2,1,4,92,0,1,1,0,1,0,spring,0,0,0,0,0,1,0,0,0,0,1,0.25881904510252074,0.9659258262890683,-0.433883739117558,-0.9009688679024191,0.8660254037844387,-0.4999999999999998,0.9999166586547379,-0.01291029607500882,93.08333333333333,35.416666666666664,94.33333333333333,61.25,92.58333333333333,73.75,85.58333333333333,129.58333333333334,85.25,170.83333333333334,93.25,17.916666666666668,94.55555555555554,40.27777777777778,92.29166666666667,67.08333333333333,88.31944444444444,125.90277777777777,87.7361111111111,124.73958333333333,3.086597371432444,4.692680919128645,4.349514567468969,0,0,0,0
2021-04-02 02:00:00,97.25,15.416666666666666,國道1號_北向_五甲系統交流道_瑞隆路交流道,2021,4,2,2,4,92,0,1,1,0,1,0,spring,0,0,0,0,0,1,0,0,0,0,1,0.49999999999999994,0.8660254037844387,-0.433883739117558,-0.9009688679024191,0.8660254037844387,-0.4999999999999998,0.9999166586547379,-0.01291029607500882,96.25,24.166666666666668,93.08333333333333,35.416666666666664,94.33333333333333,61.25,87.75,107.91666666666667,84.41666666666667,195.0,94.41666666666667,14.583333333333334,95.52777777777779,25.0,93.875,51.666666666666664,89.38888888888887,110.93750000000001,87.85416666666667,124.77430555555556,2.7037782206880676,5.161328294568131,4.571509782426506,0,0,0,0
2021-04-02 03:00:00,92.33333333333333,15.833333333333334,國道1號_北向_五甲系統交流道_瑞隆路交流道,2021,4,2,3,4,92,0,1,1,0,1,0,spring,0,0,0,0,0,1,0,0,0,0,1,0.7071067811865476,0.7071067811865476,-0.433883739117558,-0.9009688679024191,0.8660254037844387,-0.4999999999999998,0.9999166586547379,-0.01291029607500882,97.25,15.416666666666666,96.25,24.166666666666668,93.08333333333333,35.416666666666664,89.75,100.0,85.0,196.66666666666666,92.5,16.666666666666668,95.27777777777777,18.472222222222225,94.30555555555554,37.638888888888886,90.0,95.86805555555556,87.84722222222223,124.73958333333333,2.039653202185529,5.026821997439254,4.564266444934415,0,0,0,0
2021-04-02 04:00:00,93.08333333333333,25.416666666666668,國道1號_北向_五甲系統交流道_瑞隆路交流道,2021,4,2,4,4,92,0,1,1,0,1,0,spring,0,0,0,0,0,1,0,0,0,0,1,0.8660254037844386,0.5000000000000001,-0.433883739117558,-0.9009688679024191,0.8660254037844387,-0.4999999999999998,0.9999166586547379,-0.01291029607500882,92.33333333333333,15.833333333333334,97.25,15.416666666666666,96.25,24.166666666666668,92.58333333333333,73.75,84.75,196.25,89.58333333333333,22.5,94.22222222222221,18.88888888888889,94.38888888888887,29.583333333333332,90.69444444444444,81.63194444444444,87.99305555555556,124.86111111111113,1.9640283621699333,4.806394800308306,4.676679002190869,0,0,0,0
2021-04-02 05:00:00,88.5,44.583333333333336,國道1號_北向_五甲系統交流道_瑞隆路交流道,2021,4,2,5,4,92,0,1,1,0,1,0,spring,0,0,0,0,0,1,0,0,0,0,1,0.9659258262890683,0.25881904510252074,-0.433883739117558,-0.9009688679024191,0.8660254037844387,-0.4999999999999998,0.9999166586547379,-0.01291029607500882,93.08333333333333,25.416666666666668,92.33333333333333,15.833333333333334,97.25,15.416666666666666,94.33333333333333,61.25,82.75,224.58333333333334,88.75,45.833333333333336,91.30555555555554,28.611111111111114,93.41666666666667,26.805555555555554,91.1736111111111,66.63194444444444,87.9826388888889,124.80902777777777,3.1077859214131434,4.189401359885263,4.675197893372,0,0,0,0
2021-04-02 06:00:00,92.0,77.08333333333333,國道1號_北向_五甲系統交流道_瑞隆路交流道,2021,4,2,6,4,92,0,1,1,0,1,0,spring,0,0,0,0,0,1,0,0,0,0,1,1.0,6.123233995736766e-17,-0.433883739117558,-0.9009688679024191,0.8660254037844387,-0.4999999999999998,0.9999166586547379,-0.01291029607500882,88.5,44.583333333333336,93.08333333333333,25.416666666666668,92.33333333333333,15.833333333333334,93.08333333333333,35.416666666666664,83.58333333333333,166.25,90.83333333333333,111.66666666666667,91.19444444444446,49.02777777777777,93.2361111111111,33.74999999999999,91.875,59.20138888888889,88.03125,123.36805555555556,3.1620214467378336,3.440786995952357,4.712047239875808,0,0,0,0
2021-04-02 07:00:00,90.66666666666667,127.08333333333333,國道1號_北向_五甲系統交流道_瑞隆路交流道,2021,4,2,7,4,92,0,1,1,0,1,0,spring,0,1,0,0,1,0,0,2,0,0,1,0.9659258262890683,-0.25881904510252063,-0.433883739117558,-0.9009688679024191,0.8660254037844387,-0.4999999999999998,0.9999166586547379,-0.01291029607500882,92.0,77.08333333333333,88.5,44.583333333333336,93.08333333333333,25.416666666666668,96.25,24.166666666666668,85.58333333333333,129.58333333333334,85.83333333333333,210.41666666666666,90.3888888888889,82.91666666666667,92.30555555555554,50.90277777777777,92.2986111111111,58.99305555555555,88.2326388888889,119.89583333333333,2.9091172136858394,2.8596059834304164,4.717309269398835,0,1,0,0
2021-04-02 08:00:00,88.0,148.75,國道1號_北向_五甲系統交流道_瑞隆路交流道,2021,4,2,8,4,92,0,1,1,0,1,0,spring,0,1,0,0,1,0,0,2,0,0,1,0.8660254037844387,-0.4999999999999998,-0.433883739117558,-0.9009688679024191,0.8660254037844387,-0.4999999999999998,0.9999166586547379,-0.01291029607500882,90.66666666666667,127.08333333333333,92.0,77.08333333333333,88.5,44.583333333333336,97.25,15.416666666666666,87.75,107.91666666666667,86.75,177.5,90.22222222222223,117.63888888888887,90.76388888888887,73.125,92.31944444444444,62.395833333333336,88.28472222222223,118.69791666666667,2.10450354838982,2.824145828971889,4.707117430960975,0,1,0,0
2021-04-02 09:00:00,85.16666666666667,165.41666666666666,國道1號_北向_五甲系統交流道_瑞隆路交流道,2021,4,2,9,4,92,0,1,1,0,1,0,spring,0,0,0,0,0,0,1,0,0,0,1,0.7071067811865476,-0.7071067811865475,-0.433883739117558,-0.9009688679024191,0.8660254037844387,-0.4999999999999998,0.9999166586547379,-0.01291029607500882,88.0,148.75,90.66666666666667,127.08333333333333,92.0,77.08333333333333,92.33333333333333,15.833333333333334,89.75,100.0,81.25,186.25,87.94444444444446,147.08333333333334,89.56944444444444,98.05555555555554,91.9375,67.84722222222221,88.44791666666667,117.8298611111111,2.913768401279751,3.444935713581132,4.516663491362054,0,0,0,0
2021-04-02 10:00:00,85.41666666666667,151.66666666666666,國道1號_北向_五甲系統交流道_瑞隆路交流道,2021,4,2,10,4,92,0,1,1,0,1,0,spring,0,0,0,0,0,0,1,0,0,0,1,0.49999999999999994,-0.8660254037844387,-0.433883739117558,-0.9009688679024191,0.8660254037844387,-0.4999999999999998,0.9999166586547379,-0.01291029607500882,85.16666666666667,165.41666666666666,88.0,148.75,90.66666666666667,127.08333333333333,93.08333333333333,25.416666666666668,92.58333333333333,73.75,82.5,182.91666666666666,86.19444444444444,155.27777777777774,88.29166666666667,119.09722222222221,91.34027777777779,74.34027777777777,88.56944444444444,116.52777777777777,2.7405139420675533,3.9123054915559643,4.387046332482642,0,0,0,0
2021-04-02 11:00:00,86.58333333333333,131.25,國道1號_北向_五甲系統交流道_瑞隆路交流道,2021,4,2,11,4,92,0,1,1,0,1,0,spring,0,0,0,1,1,0,1,1,0,0,1,0.258819045102521,-0.9659258262890682,-0.433883739117558,-0.9009688679024191,0.8660254037844387,-0.4999999999999998,0.9999166586547379,-0.01291029607500882,85.41666666666667,151.66666666666666,85.16666666666667,165.41666666666666,88.0,148.75,88.5,44.583333333333336,94.33333333333333,61.25,83.58333333333333,177.91666666666666,85.72222222222221,149.44444444444443,87.97222222222223,133.54166666666666,90.69444444444444,80.1736111111111,88.69444444444444,114.58333333333333,2.821872244266725,4.0117147479419515,4.280239582741629,0,1,0,0
2021-04-02 12:00:00,89.08333333333333,114.58333333333333,國道1號_北向_五甲系統交流道_瑞隆路交流道,2021,4,2,12,4,92,0,1,1,0,1,0,spring,0,0,0,1,1,0,1,1,0,0,1,1.2246467991473532e-16,-1.0,-0.433883739117558,-0.9009688679024191,0.8660254037844387,-0.4999999999999998,0.9999166586547379,-0.01291029607500882,86.58333333333333,131.25,85.41666666666667,151.66666666666666,85.16666666666667,165.41666666666666,92.0,77.08333333333333,93.08333333333333,35.416666666666664,84.58333333333333,165.83333333333334,87.02777777777777,132.5,87.4861111111111,139.79166666666666,90.3611111111111,86.77083333333333,88.88194444444444,112.44791666666667,2.163726637762473,3.9610370882907135,4.18992902487552,0,1,0,0
2021-04-02 13:00:00,88.91666666666667,122.91666666666667,國道1號_北向_五甲系統交流道_瑞隆路交流道,2021,4,2,13,4,92,0,1,1,0,1,0,spring,0,0,0,0,0,0,1,0,0,0,1,-0.2588190451025208,-0.9659258262890683,-0.433883739117558,-0.9009688679024191,0.8660254037844387,-0.4999999999999998,0.9999166586547379,-0.01291029607500882,89.08333333333333,114.58333333333333,86.58333333333333,131.25,85.41666666666667,151.66666666666666,90.66666666666667,127.08333333333333,96.25,24.166666666666668,85.25,170.83333333333334,88.19444444444444,122.91666666666667,87.19444444444444,139.0972222222222,89.75,95.0,89.03472222222221,110.45138888888887,1.7221326141562545,3.509906614775419,4.1179702702348155,0,0,0,0
2021-04-02 14:00:00,87.0,144.16666666666666,國道1號_北向_五甲系統交流道_瑞隆路交流道,2021,4,2,14,4,92,0,1,1,0,1,0,spring,0,0,0,0,0,0,1,0,0,0,1,-0.4999999999999997,-0.8660254037844388,-0.433883739117558,-0.9009688679024191,0.8660254037844387,-0.4999999999999998,0.9999166586547379,-0.01291029607500882,88.91666666666667,122.91666666666667,89.08333333333333,114.58333333333333,86.58333333333333,131.25,88.0,148.75,97.25,15.416666666666666,84.41666666666667,195.0,88.33333333333333,127.22222222222221,87.02777777777777,138.33333333333334,88.89583333333333,105.72916666666664,89.1423611111111,108.33333333333333,1.676360696623817,2.6640908487709103,4.024718249107887,0,0,0,0
2021-04-02 15:00:00,88.08333333333333,142.91666666666666,國道1號_北向_五甲系統交流道_瑞隆路交流道,2021,4,2,15,4,92,0,1,1,0,1,0,spring,0,0,0,0,0,0,1,0,0,0,1,-0.7071067811865471,-0.7071067811865479,-0.433883739117558,-0.9009688679024191,0.8660254037844387,-0.4999999999999998,0.9999166586547379,-0.01291029607500882,87.0,144.16666666666666,88.91666666666667,122.91666666666667,89.08333333333333,114.58333333333333,85.16666666666667,165.41666666666666,92.33333333333333,15.833333333333334,85.0,196.66666666666666,88.0,136.66666666666666,87.5138888888889,134.58333333333334,88.54166666666667,116.31944444444444,89.27083333333333,106.09375,1.4341244586725699,2.438511509884313,3.934951920717388,0,0,0,0
2021-04-02 16:00:00,88.25,142.5,國道1號_北向_五甲系統交流道_瑞隆路交流道,2021,4,2,16,4,92,0,1,1,0,1,0,spring,0,0,0,0,0,0,1,0,0,0,1,-0.8660254037844385,-0.5000000000000004,-0.433883739117558,-0.9009688679024191,0.8660254037844387,-0.4999999999999998,0.9999166586547379,-0.01291029607500882,88.08333333333333,142.91666666666666,87.0,144.16666666666666,88.91666666666667,122.91666666666667,85.41666666666667,151.66666666666666,93.08333333333333,25.416666666666668,84.75,196.25,87.77777777777777,143.19444444444443,87.9861111111111,133.05555555555554,88.1388888888889,126.07638888888887,89.41666666666667,103.85416666666667,1.0088726748574515,1.975331877669155,3.8233960673624545,0,0,0,0
2021-04-02 17:00:00,88.16666666666667,155.83333333333334,國道1號_北向_五甲系統交流道_瑞隆路交流道,2021,4,2,17,4,92,0,1,1,0,1,0,spring,0,0,1,0,1,0,1,2,0,0,1,-0.9659258262890683,-0.25881904510252063,-0.433883739117558,-0.9009688679024191,0.8660254037844387,-0.4999999999999998,0.9999166586547379,-0.01291029607500882,88.25,142.5,88.08333333333333,142.91666666666666,87.0,144.16666666666666,86.58333333333333,131.25,88.5,44.583333333333336,82.75,224.58333333333334,88.16666666666667,147.08333333333334,88.25,137.15277777777777,88.1111111111111,135.3472222222222,89.6423611111111,100.98958333333333,0.7397447007057162,1.972133302875262,3.5638143110492275,0,1,0,0
2021-04-02 18:00:00,88.41666666666667,121.25,國道1號_北向_五甲系統交流道_瑞隆路交流道,2021,4,2,18,4,92,0,1,1,0,1,0,spring,0,0,1,0,1,0,0,2,0,0,1,-1.0,-1.8369701987210297e-16,-0.433883739117558,-0.9009688679024191,0.8660254037844387,-0.4999999999999998,0.9999166586547379,-0.01291029607500882,88.16666666666667,155.83333333333334,88.25,142.5,88.08333333333333,142.91666666666666,89.08333333333333,114.58333333333333,92.0,77.08333333333333,83.58333333333333,166.25,88.27777777777779,139.86111111111111,88.1388888888889,138.26388888888889,87.8125,139.02777777777777,89.84375,99.11458333333333,0.6317230992088516,1.5574539732485946,3.3358063742769395,0,1,0,0
2021-04-02 19:00:00,87.08333333333333,110.41666666666667,國道1號_北向_五甲系統交流道_瑞隆路交流道,2021,4,2,19,4,92,0,1,1,0,1,0,spring,0,0,0,0,0,0,0,0,0,0,1,-0.9659258262890684,0.2588190451025203,-0.433883739117558,-0.9009688679024191,0.8660254037844387,-0.4999999999999998,0.9999166586547379,-0.01291029607500882,88.41666666666667,121.25,88.16666666666667,155.83333333333334,88.25,142.5,88.91666666666667,122.91666666666667,90.66666666666667,127.08333333333333,85.58333333333333,129.58333333333334,87.8888888888889,129.16666666666666,87.83333333333333,136.18055555555557,87.5138888888889,137.63888888888889,89.90625,98.31597222222223,0.6236095644622737,1.2791220421262317,3.2658303147786985,0,0,0,0
2021-04-02 20:00:00,87.08333333333333,107.5,國道1號_北向_五甲系統交流道_瑞隆路交流道,2021,4,2,20,4,92,0,1,1,0,1,0,spring,0,0,0,0,0,0,0,0,0,0,1,-0.8660254037844386,0.5000000000000001,-0.433883739117558,-0.9009688679024191,0.8660254037844387,-0.4999999999999998,0.9999166586547379,-0.01291029607500882,87.08333333333333,110.41666666666667,88.41666666666667,121.25,88.16666666666667,155.83333333333334,87.0,144.16666666666666,88.0,148.75,87.75,107.91666666666667,87.52777777777777,113.05555555555556,87.84722222222223,130.06944444444443,87.4375,134.20138888888889,89.87847222222223,98.2986111111111,0.6018874633338516,1.274816782240813,3.2877296366103543,0,0,0,0
2021-04-02 21:00:00,89.25,92.91666666666667,國道1號_北向_五甲系統交流道_瑞隆路交流道,2021,4,2,21,4,92,0,1,1,0,1,0,spring,0,0,0,0,0,0,0,0,0,0,1,-0.7071067811865477,0.7071067811865474,-0.433883739117558,-0.9009688679024191,0.8660254037844387,-0.4999999999999998,0.9999166586547379,-0.01291029607500882,87.08333333333333,107.5,87.08333333333333,110.41666666666667,88.41666666666667,121.25,88.08333333333333,142.91666666666666,85.16666666666667,165.41666666666666,89.75,100.0,87.80555555555554,103.61111111111113,88.04166666666667,121.73611111111113,87.77777777777777,128.15972222222223,89.8576388888889,98.00347222222221,0.8362449136201151,1.1526941067358905,3.2901623940020026,0,0,0,0
2021-04-02 22:00:00,91.75,77.08333333333333,國道1號_北向_五甲系統交流道_瑞隆路交流道,2021,4,2,22,4,92,0,1,1,0,1,0,spring,0,0,0,0,0,0,0,0,0,0,1,-0.5000000000000004,0.8660254037844384,-0.433883739117558,-0.9009688679024191,0.8660254037844387,-0.4999999999999998,0.9999166586547379,-0.01291029607500882,89.25,92.91666666666667,87.08333333333333,107.5,87.08333333333333,110.41666666666667,88.25,142.5,85.41666666666667,151.66666666666666,92.58333333333333,73.75,89.3611111111111,92.5,88.625,110.83333333333333,88.30555555555556,121.94444444444444,89.82291666666667,98.1423611111111,1.741447354613079,1.3972977769398187,3.2644432410310094,0,0,0,0
2021-04-02 23:00:00,93.75,58.75,國道1號_北向_五甲系統交流道_瑞隆路交流道,2021,4,2,23,4,92,0,1,1,0,1,0,spring,0,0,0,0,0,0,0,0,0,0,1,-0.25881904510252157,0.9659258262890681,-0.433883739117558,-0.9009688679024191,0.8660254037844387,-0.4999999999999998,0.9999166586547379,-0.01291029607500882,91.75,77.08333333333333,89.25,92.91666666666667,87.08333333333333,107.5,88.16666666666667,155.83333333333334,86.58333333333333,131.25,94.33333333333333,61.25,91.58333333333333,76.25,89.55555555555556,94.65277777777777,88.90277777777777,115.90277777777777,89.7986111111111,98.03819444444444,2.68414411491442,1.997104385335362,3.231405060255686,0,0,0,0
2021-04-03 00:00:00,96.0,32.083333333333336,國道1號_北向_五甲系統交流道_瑞隆路交流道,2021,4,3,0,5,93,1,0,0,1,1,0,spring,0,0,0,0,0,1,0,0,0,0,1,0.0,1.0,-0.9749279121818236,-0.2225209339563146,0.8660254037844387,-0.4999999999999998,0.9995462806873573,-0.030120304846908114,93.75,58.75,91.75,77.08333333333333,89.25,92.91666666666667,88.41666666666667,121.25,89.08333333333333,114.58333333333333,93.08333333333333,35.416666666666664,93.83333333333333,55.97222222222222,90.81944444444444,79.79166666666667,89.47916666666667,109.02777777777777,89.9201388888889,97.89930555555556,3.651642197798266,2.8639444879925247,3.4102076776923647,0,0,0,0
2021-04-03 01:00:00,96.5,23.333333333333332,國道1號_北向_五甲系統交流道_瑞隆路交流道,2021,4,3,1,5,93,1,0,0,1,1,0,spring,0,0,0,0,0,1,0,0,0,0,1,0.25881904510252074,0.9659258262890683,-0.9749279121818236,-0.2225209339563146,0.8660254037844387,-0.4999999999999998,0.9995462806873573,-0.030120304846908114,96.0,32.083333333333336,93.75,58.75,91.75,77.08333333333333,87.08333333333333,110.41666666666667,88.91666666666667,122.91666666666667,96.25,24.166666666666668,95.41666666666667,38.05555555555556,92.38888888888887,65.27777777777779,90.1111111111111,100.72916666666667,89.93055555555556,97.86458333333333,3.7470976422747633,3.495547913969263,3.430703462555037,0,0,0,0
2021-04-03 02:00:00,92.83333333333333,16.666666666666668,國道1號_北向_五甲系統交流道_瑞隆路交流道,2021,4,3,2,5,93,1,0,0,1,1,0,spring,0,0,0,0,0,1,0,0,0,0,1,0.49999999999999994,0.8660254037844387,-0.9749279121818236,-0.2225209339563146,0.8660254037844387,-0.4999999999999998,0.9995462806873573,-0.030120304846908114,96.5,23.333333333333332,96.0,32.083333333333336,93.75,58.75,87.08333333333333,107.5,87.0,144.16666666666666,97.25,15.416666666666666,95.11111111111113,24.027777777777782,93.34722222222221,50.13888888888889,90.59722222222221,90.10416666666667,89.74652777777779,97.91666666666667,2.7107894845653435,3.4285332238932216,3.125927801077999,0,0,0,0
2021-04-03 03:00:00,97.0,17.083333333333332,國道1號_北向_五甲系統交流道_瑞隆路交流道,2021,4,3,3,5,93,1,0,0,1,1,0,spring,0,0,0,0,0,1,0,0,0,0,1,0.7071067811865476,0.7071067811865476,-0.9749279121818236,-0.2225209339563146,0.8660254037844387,-0.4999999999999998,0.9995462806873573,-0.030120304846908114,92.83333333333333,16.666666666666668,96.5,23.333333333333332,96.0,32.083333333333336,89.25,92.91666666666667,88.08333333333333,142.91666666666666,92.33333333333333,15.833333333333334,95.44444444444446,19.027777777777775,94.63888888888887,37.5,91.34027777777779,79.61805555555556,89.94097222222223,97.96875,2.1581027332840117,3.7821781598698,3.4246970992216337,0,0,0,0
2021-04-03 04:00:00,94.08333333333333,22.083333333333332,國道1號_北向_五甲系統交流道_瑞隆路交流道,2021,4,3,4,5,93,1,0,0,1,1,0,spring,0,0,0,0,0,1,0,0,0,0,1,0.8660254037844386,0.5000000000000001,-0.9749279121818236,-0.2225209339563146,0.8660254037844387,-0.4999999999999998,0.9995462806873573,-0.030120304846908114,97.0,17.083333333333332,92.83333333333333,16.666666666666668,96.5,23.333333333333332,91.75,77.08333333333333,88.25,142.5,93.08333333333333,25.416666666666668,94.6388888888889,18.61111111111111,95.02777777777777,28.333333333333332,91.8263888888889,69.58333333333333,89.98263888888887,97.8298611111111,1.6936701327351393,3.7232985968193364,3.4703696748839694,0,0,0,0
2021-04-03 05:00:00,91.75,29.166666666666668,國道1號_北向_五甲系統交流道_瑞隆路交流道,2021,4,3,5,5,93,1,0,0,1,1,0,spring,0,0,0,0,0,1,0,0,0,0,1,0.9659258262890683,0.25881904510252074,-0.9749279121818236,-0.2225209339563146,0.8660254037844387,-0.4999999999999998,0.9995462806873573,-0.030120304846908114,94.08333333333333,22.083333333333332,97.0,17.083333333333332,92.83333333333333,16.666666666666668,93.75,58.75,88.16666666666667,155.83333333333334,88.5,44.583333333333336,94.27777777777777,22.777777777777775,94.69444444444444,23.402777777777775,92.125,59.02777777777777,90.11805555555554,97.1875,2.134808517738281,3.542401884471957,3.4734080100830163,0,0,0,0
2021-04-03 06:00:00,93.91666666666667,57.916666666666664,國道1號_北向_五甲系統交流道_瑞隆路交流道,2021,4,3,6,5,93,1,0,0,1,1,0,spring,0,0,0,0,0,1,0,0,0,0,1,1.0,6.123233995736766e-17,-0.9749279121818236,-0.2225209339563146,0.8660254037844387,-0.4999999999999998,0.9995462806873573,-0.030120304846908114,91.75,29.166666666666668,94.08333333333333,22.083333333333332,97.0,17.083333333333332,96.0,32.083333333333336,88.41666666666667,121.25,92.0,77.08333333333333,93.25,36.38888888888889,94.34722222222221,27.708333333333332,92.58333333333333,53.75,90.19791666666667,96.3888888888889,2.0476386580826573,3.370624736026012,3.5399558954238253,0,0,0,0
2021-04-03 07:00:00,92.41666666666667,100.41666666666667,國道1號_北向_五甲系統交流道_瑞隆路交流道,2021,4,3,7,5,93,1,0,0,1,1,0,spring,0,1,0,0,1,0,0,2,0,0,1,0.9659258262890683,-0.25881904510252063,-0.9749279121818236,-0.2225209339563146,0.8660254037844387,-0.4999999999999998,0.9995462806873573,-0.030120304846908114,93.91666666666667,57.916666666666664,91.75,29.166666666666668,94.08333333333333,22.083333333333332,96.5,23.333333333333332,87.08333333333333,110.41666666666667,90.66666666666667,127.08333333333333,92.69444444444446,62.5,93.66666666666667,40.55555555555556,93.02777777777777,52.916666666666664,90.27083333333333,95.27777777777777,1.858912465813261,2.8979558568320885,3.5679438658633202,1,0,0,0
2021-04-03 08:00:00,90.08333333333333,134.16666666666666,國道1號_北向_五甲系統交流道_瑞隆路交流道,2021,4,3,8,5,93,1,0,0,1,1,0,spring,0,1,0,0,1,0,0,2,0,0,1,0.8660254037844387,-0.4999999999999998,-0.9749279121818236,-0.2225209339563146,0.8660254037844387,-0.4999999999999998,0.9995462806873573,-0.030120304846908114,92.41666666666667,100.41666666666667,93.91666666666667,57.916666666666664,91.75,29.166666666666668,92.83333333333333,16.666666666666668,87.08333333333333,107.5,88.0,148.75,92.1388888888889,97.5,93.20833333333333,60.138888888888886,93.27777777777779,55.13888888888889,90.3576388888889,94.67013888888887,2.3733181179288256,2.4301695220134607,3.535489426814561,1,0,0,0
2021-04-03 09:00:00,87.83333333333333,150.41666666666666,國道1號_北向_五甲系統交流道_瑞隆路交流道,2021,4,3,9,5,93,1,0,0,1,1,0,spring,0,0,0,0,0,0,1,0,0,0,1,0.7071067811865476,-0.7071067811865475,-0.9749279121818236,-0.2225209339563146,0.8660254037844387,-0.4999999999999998,0.9995462806873573,-0.030120304846908114,90.08333333333333,134.16666666666666,92.41666666666667,100.41666666666667,93.91666666666667,57.916666666666664,97.0,17.083333333333332,89.25,92.91666666666667,85.16666666666667,165.41666666666666,90.1111111111111,128.33333333333334,91.68055555555556,82.3611111111111,93.15972222222223,59.93055555555555,90.46875,94.0451388888889,2.394679673931551,2.6665384281032654,3.404743467533222,0,0,0,0
2021-04-03 10:00:00,88.58333333333333,140.0,國道1號_北向_五甲系統交流道_瑞隆路交流道,2021,4,3,10,5,93,1,0,0,1,1,0,spring,0,0,0,0,0,0,1,0,0,0,1,0.49999999999999994,-0.8660254037844387,-0.9749279121818236,-0.2225209339563146,0.8660254037844387,-0.4999999999999998,0.9995462806873573,-0.030120304846908114,87.83333333333333,150.41666666666666,90.08333333333333,134.16666666666666,92.41666666666667,100.41666666666667,94.08333333333333,22.083333333333332,91.75,77.08333333333333,85.41666666666667,151.66666666666666,88.83333333333333,141.52777777777777,90.7638888888889,102.01388888888887,92.89583333333333,65.17361111111111,90.60069444444444,93.55902777777779,2.3430847821400715,2.959346817434189,3.2586728544212153,0,0,0,0
2021-04-03 11:00:00,89.0,130.41666666666666,國道1號_北向_五甲系統交流道_瑞隆路交流道,2021,4,3,11,5,93,1,0,0,1,1,0,spring,0,0,0,1,1,0,1,1,0,0,1,0.258819045102521,-0.9659258262890682,-0.9749279121818236,-0.2225209339563146,0.8660254037844387,-0.4999999999999998,0.9995462806873573,-0.030120304846908114,88.58333333333333,140.0,87.83333333333333,150.41666666666666,90.08333333333333,134.16666666666666,91.75,29.166666666666668,93.75,58.75,86.58333333333333,131.25,88.47222222222221,140.2777777777778,90.30555555555556,118.88888888888887,92.5,71.14583333333333,90.7013888888889,93.52430555555556,2.38028165155739,3.146466673151305,3.1651327965770713,1,0,0,0
2021-04-03 12:00:00,91.0,114.58333333333333,國道1號_北向_五甲系統交流道_瑞隆路交流道,2021,4,3,12,5,93,1,0,0,1,1,0,spring,0,0,0,1,1,0,1,1,0,0,1,1.2246467991473532e-16,-1.0,-0.9749279121818236,-0.2225209339563146,0.8660254037844387,-0.4999999999999998,0.9995462806873573,-0.030120304846908114,89.0,130.41666666666666,88.58333333333333,140.0,87.83333333333333,150.41666666666666,93.91666666666667,57.916666666666664,96.0,32.083333333333336,89.08333333333333,114.58333333333333,89.52777777777779,128.33333333333334,89.81944444444444,128.33333333333334,92.08333333333333,78.02083333333333,90.78125,93.52430555555556,1.6942850562558278,2.966777321736,3.1466580404727003,1,0,0,0
2021-04-03 13:00:00,89.0,130.41666666666666,國道1號_北向_五甲系統交流道_瑞隆路交流道,2021,4,3,13,5,93,1,0,0,1,1,0,spring,0,0,0,0,0,0,1,0,0,0,1,-0.2588190451025208,-0.9659258262890683,-0.9749279121818236,-0.2225209339563146,0.8660254037844387,-0.4999999999999998,0.9995462806873573,-0.030120304846908114,91.0,114.58333333333333,89.0,130.41666666666666,88.58333333333333,140.0,92.41666666666667,100.41666666666667,96.5,23.333333333333332,88.91666666666667,122.91666666666667,89.66666666666667,125.13888888888887,89.25,133.33333333333334,91.45833333333333,86.94444444444446,90.78472222222223,93.83680555555556,1.1254628677422271,2.732497100463204,3.1445563601394384,0,0,0,0
2021-04-03 14:00:00,89.66666666666667,141.25,國道1號_北向_五甲系統交流道_瑞隆路交流道,2021,4,3,14,5,93,1,0,0,1,1,0,spring,0,0,0,0,0,0,1,0,0,0,1,-0.4999999999999997,-0.8660254037844388,-0.9749279121818236,-0.2225209339563146,0.8660254037844387,-0.4999999999999998,0.9995462806873573,-0.030120304846908114,89.0,130.41666666666666,91.0,114.58333333333333,89.0,130.41666666666666,90.08333333333333,134.16666666666666,92.83333333333333,16.666666666666668,87.0,144.16666666666666,89.8888888888889,128.75,89.18055555555556,134.51388888888889,91.19444444444444,97.32638888888887,90.89583333333333,93.71527777777777,1.0755059102407796,2.7405331389204766,3.0507235619124398,0,0,0,0
2021-04-03 15:00:00,89.83333333333333,147.91666666666666,國道1號_北向_五甲系統交流道_瑞隆路交流道,2021,4,3,15,5,93,1,0,0,1,1,0,spring,0,0,0,0,0,0,1,0,0,0,1,-0.7071067811865471,-0.7071067811865479,-0.9749279121818236,-0.2225209339563146,0.8660254037844387,-0.4999999999999998,0.9995462806873573,-0.030120304846908114,89.66666666666667,141.25,89.0,130.41666666666666,91.0,114.58333333333333,87.83333333333333,150.41666666666666,97.0,17.083333333333332,88.08333333333333,142.91666666666666,89.5,139.86111111111111,89.5138888888889,134.09722222222223,90.59722222222223,108.22916666666667,90.96875,93.9236111111111,0.8634823981134638,2.0556749897051216,3.0010880172763352,0,0,0,0
2021-04-03 16:00:00,88.66666666666667,145.41666666666666,國道1號_北向_五甲系統交流道_瑞隆路交流道,2021,4,3,16,5,93,1,0,0,1,1,0,spring,0,0,0,0,0,0,1,0,0,0,1,-0.8660254037844385,-0.5000000000000004,-0.9749279121818236,-0.2225209339563146,0.8660254037844387,-0.4999999999999998,0.9995462806873573,-0.030120304846908114,89.83333333333333,147.91666666666666,89.66666666666667,141.25,89.0,130.41666666666666,88.58333333333333,140.0,94.08333333333333,22.083333333333332,88.25,142.5,89.3888888888889,144.86111111111111,89.52777777777777,135.0,90.14583333333333,118.50694444444444,90.9861111111111,94.0451388888889,0.846014622060792,1.7993141931458518,2.985842870774229,0,0,0,0
2021-04-03 17:00:00,89.58333333333333,149.58333333333334,國道1號_北向_五甲系統交流道_瑞隆路交流道,2021,4,3,17,5,93,1,0,0,1,1,0,spring,0,0,1,0,1,0,1,2,0,0,1,-0.9659258262890683,-0.25881904510252063,-0.9749279121818236,-0.2225209339563146,0.8660254037844387,-0.4999999999999998,0.9995462806873573,-0.030120304846908114,88.66666666666667,145.41666666666666,89.83333333333333,147.91666666666666,89.66666666666667,141.25,89.0,130.41666666666666,91.75,29.166666666666668,88.16666666666667,155.83333333333334,89.3611111111111,147.63888888888889,89.625,138.19444444444443,89.96527777777777,128.54166666666666,91.0451388888889,93.78472222222221,0.8057949835755338,1.7311241506360504,2.941352999521457,1,0,0,0
2021-04-03 18:00:00,88.75,118.75,國道1號_北向_五甲系統交流道_瑞隆路交流道,2021,4,3,18,5,93,1,0,0,1,1,0,spring,0,0,1,0,1,0,0,2,0,0,1,-1.0,-1.8369701987210297e-16,-0.9749279121818236,-0.2225209339563146,0.8660254037844387,-0.4999999999999998,0.9995462806873573,-0.030120304846908114,89.58333333333333,149.58333333333334,88.66666666666667,145.41666666666666,89.83333333333333,147.91666666666666,91.0,114.58333333333333,93.91666666666667,57.916666666666664,88.41666666666667,121.25,89.0,137.91666666666666,89.25,138.88888888888889,89.53472222222223,133.61111111111111,91.05902777777777,93.68055555555554,0.5055250296033112,1.228583366134222,2.929163617277017,1,0,0,0
2021-04-03 19:00:00,84.83333333333333,129.16666666666666,國道1號_北向_五甲系統交流道_瑞隆路交流道,2021,4,3,19,5,93,1,0,0,1,1,0,spring,0,0,0,0,0,0,0,0,0,0,1,-0.9659258262890684,0.2588190451025203,-0.9749279121818236,-0.2225209339563146,0.8660254037844387,-0.4999999999999998,0.9995462806873573,-0.030120304846908114,88.75,118.75,89.58333333333333,149.58333333333334,88.66666666666667,145.41666666666666,89.0,130.41666666666666,92.41666666666667,100.41666666666667,87.08333333333333,110.41666666666667,87.72222222222221,132.5,88.55555555555554,138.68055555555557,88.90277777777777,136.00694444444443,90.96527777777779,94.46180555555556,1.8883169068619023,1.5258022121402453,3.0933461263895037,0,0,0,0
2021-04-03 20:00:00,85.66666666666667,117.08333333333333,國道1號_北向_五甲系統交流道_瑞隆路交流道,2021,4,3,20,5,93,1,0,0,1,1,0,spring,0,0,0,0,0,0,0,0,0,0,1,-0.8660254037844386,0.5000000000000001,-0.9749279121818236,-0.2225209339563146,0.8660254037844387,-0.4999999999999998,0.9995462806873573,-0.030120304846908114,84.83333333333333,129.16666666666666,88.75,118.75,89.58333333333333,149.58333333333334,89.66666666666667,141.25,90.08333333333333,134.16666666666666,87.08333333333333,107.5,86.41666666666667,121.66666666666667,87.8888888888889,134.65277777777777,88.53472222222223,134.58333333333334,90.90625,94.8611111111111,2.1105993531765486,1.7336750585833332,3.1828640389338267,0,0,0,0
2021-04-03 21:00:00,87.58333333333333,111.25,國道1號_北向_五甲系統交流道_瑞隆路交流道,2021,4,3,21,5,93,1,0,0,1,1,0,spring,0,0,0,0,0,0,0,0,0,0,1,-0.7071067811865477,0.7071067811865474,-0.9749279121818236,-0.2225209339563146,0.8660254037844387,-0.4999999999999998,0.9995462806873573,-0.030120304846908114,85.66666666666667,117.08333333333333,84.83333333333333,129.16666666666666,88.75,118.75,89.83333333333333,147.91666666666666,87.83333333333333,150.41666666666666,89.25,92.91666666666667,86.02777777777777,119.16666666666667,87.51388888888887,128.54166666666666,88.51388888888887,131.31944444444443,90.83680555555556,95.625,1.8837143174136584,1.744339088370886,3.238271215164498,0,0,0,0
2021-04-03 22:00:00,90.16666666666667,77.08333333333333,國道1號_北向_五甲系統交流道_瑞隆路交流道,2021,4,3,22,5,93,1,0,0,1,1,0,spring,0,0,0,0,0,0,0,0,0,0,1,-0.5000000000000004,0.8660254037844384,-0.9749279121818236,-0.2225209339563146,0.8660254037844387,-0.4999999999999998,0.9995462806873573,-0.030120304846908114,87.58333333333333,111.25,85.66666666666667,117.08333333333333,84.83333333333333,129.16666666666666,88.66666666666667,145.41666666666666,88.58333333333333,140.0,91.75,77.08333333333333,87.80555555555556,101.80555555555554,87.7638888888889,117.15277777777777,88.64583333333333,126.07638888888887,90.77083333333333,95.625,2.14826588119253,1.808762691661672,3.234984824012965,0,0,0,0
2021-04-03 23:00:00,95.33333333333333,59.583333333333336,國道1號_北向_五甲系統交流道_瑞隆路交流道,2021,4,3,23,5,93,1,0,0,1,1,0,spring,0,0,0,0,0,0,0,0,0,0,1,-0.25881904510252157,0.9659258262890681,-0.9749279121818236,-0.2225209339563146,0.8660254037844387,-0.4999999999999998,0.9995462806873573,-0.030120304846908114,90.16666666666667,77.08333333333333,87.58333333333333,111.25,85.66666666666667,117.08333333333333,89.58333333333333,149.58333333333334,89.0,130.41666666666666,93.75,58.75,91.02777777777777,82.6388888888889,88.72222222222221,102.15277777777777,89.1736111111111,120.17361111111113,90.83680555555556,95.65972222222223,3.782880540697126,2.6499138382536094,3.3135717814596473,0,0,0,0
2021-04-04 00:00:00,97.83333333333333,32.083333333333336,國道1號_北向_五甲系統交流道_瑞隆路交流道,2021,4,4,0,6,94,1,0,1,1,1,0,spring,0,0,0,0,0,1,0,0,0,0,1,0.0,1.0,-0.7818314824680299,0.6234898018587334,0.8660254037844387,-0.4999999999999998,0.9988797155850336,-0.04732138832243185,95.33333333333333,59.583333333333336,90.16666666666667,77.08333333333333,87.58333333333333,111.25,88.75,118.75,91.0,114.58333333333333,96.0,32.083333333333336,94.44444444444446,56.25,90.2361111111111,87.70833333333333,89.74305555555556,113.2986111111111,90.91319444444444,95.65972222222221,5.306813405285567,3.6307570678195247,3.455853324736654,0,0,0,0
2021-04-04 01:00:00,97.75,20.0,國道1號_北向_五甲系統交流道_瑞隆路交流道,2021,4,4,1,6,94,1,0,1,1,1,0,spring,0,0,0,0,0,1,0,0,0,0,1,0.25881904510252074,0.9659258262890683,-0.7818314824680299,0.6234898018587334,0.8660254037844387,-0.4999999999999998,0.9988797155850336,-0.04732138832243185,97.83333333333333,32.083333333333336,95.33333333333333,59.583333333333336,90.16666666666667,77.08333333333333,84.83333333333333,129.16666666666666,89.0,130.41666666666666,96.5,23.333333333333332,96.97222222222221,37.22222222222222,92.38888888888887,69.51388888888889,90.47222222222223,104.09722222222221,90.96527777777777,95.52083333333333,5.296662121528061,4.287245197148263,3.5518006478672195,0,0,0,0
2021-04-04 02:00:00,96.83333333333333,15.833333333333334,國道1號_北向_五甲系統交流道_瑞隆路交流道,2021,4,4,2,6,94,1,0,1,1,1,0,spring,0,0,0,0,0,1,0,0,0,0,1,0.49999999999999994,0.8660254037844387,-0.7818314824680299,0.6234898018587334,0.8660254037844387,-0.4999999999999998,0.9988797155850336,-0.04732138832243185,97.75,20.0,97.83333333333333,32.083333333333336,95.33333333333333,59.583333333333336,85.66666666666667,117.08333333333333,89.66666666666667,141.25,92.83333333333333,16.666666666666668,97.47222222222223,22.63888888888889,94.25,52.63888888888889,91.06944444444444,93.64583333333331,91.13194444444444,95.4861111111111,4.337177781819883,4.648752593266291,3.732520992970159,0,0,0,0
2021-04-04 03:00:00,92.08333333333333,13.333333333333334,國道1號_北向_五甲系統交流道_瑞隆路交流道,2021,4,4,3,6,94,1,0,1,1,1,0,spring,0,0,0,0,0,1,0,0,0,0,1,0.7071067811865476,0.7071067811865476,-0.7818314824680299,0.6234898018587334,0.8660254037844387,-0.4999999999999998,0.9988797155850336,-0.04732138832243185,96.83333333333333,15.833333333333334,97.75,20.0,97.83333333333333,32.083333333333336,87.58333333333333,111.25,89.83333333333333,147.91666666666666,97.0,17.083333333333332,95.55555555555554,16.38888888888889,95.0,36.31944444444445,91.25694444444444,82.43055555555556,90.92708333333333,95.32986111111113,3.1915687539378204,4.63972993343559,3.525640423887653,0,0,0,0
2021-04-04 04:00:00,94.41666666666667,17.083333333333332,國道1號_北向_五甲系統交流道_瑞隆路交流道,2021,4,4,4,6,94,1,0,1,1,1,0,spring,0,0,0,0,0,1,0,0,0,0,1,0.8660254037844386,0.5000000000000001,-0.7818314824680299,0.6234898018587334,0.8660254037844387,-0.4999999999999998,0.9988797155850336,-0.04732138832243185,92.08333333333333,13.333333333333334,96.83333333333333,15.833333333333334,97.75,20.0,90.16666666666667,77.08333333333333,88.66666666666667,145.41666666666666,94.08333333333333,22.083333333333332,94.44444444444444,15.416666666666666,95.70833333333333,26.319444444444446,91.7361111111111,71.73611111111111,90.94097222222223,95.12152777777777,2.2315602414258033,4.644812645498613,3.539245051621421,0,0,0,0
2021-04-04 05:00:00,94.58333333333333,27.083333333333332,國道1號_北向_五甲系統交流道_瑞隆路交流道,2021,4,4,5,6,94,1,0,1,1,1,0,spring,0,0,0,0,0,1,0,0,0,0,1,0.9659258262890683,0.25881904510252074,-0.7818314824680299,0.6234898018587334,0.8660254037844387,-0.4999999999999998,0.9988797155850336,-0.04732138832243185,94.41666666666667,17.083333333333332,92.08333333333333,13.333333333333334,96.83333333333333,15.833333333333334,95.33333333333333,59.583333333333336,89.58333333333333,149.58333333333334,91.75,29.166666666666668,93.69444444444446,19.166666666666668,95.58333333333333,20.902777777777775,92.15277777777777,61.52777777777778,91.05902777777779,95.03472222222223,2.2773034736530744,4.658384606067472,3.613872156087911,0,0,0,0
2021-04-04 06:00:00,96.66666666666667,57.5,國道1號_北向_五甲系統交流道_瑞隆路交流道,2021,4,4,6,6,94,1,0,1,1,1,0,spring,0,0,0,0,0,1,0,0,0,0,1,1.0,6.123233995736766e-17,-0.7818314824680299,0.6234898018587334,0.8660254037844387,-0.4999999999999998,0.9988797155850336,-0.04732138832243185,94.58333333333333,27.083333333333332,94.41666666666667,17.083333333333332,92.08333333333333,13.333333333333334,97.83333333333333,32.083333333333336,88.75,118.75,93.91666666666667,57.916666666666664,95.22222222222223,33.88888888888889,95.3888888888889,25.138888888888886,92.8125,56.423611111111114,91.1736111111111,95.0173611111111,2.088770682234929,4.693123730899766,3.7494699034884706,0,0,0,0
2021-04-04 07:00:00,97.08333333333333,92.91666666666667,國道1號_北向_五甲系統交流道_瑞隆路交流道,2021,4,4,7,6,94,1,0,1,1,1,0,spring,0,1,0,0,1,0,0,2,0,0,1,0.9659258262890683,-0.25881904510252063,-0.7818314824680299,0.6234898018587334,0.8660254037844387,-0.4999999999999998,0.9988797155850336,-0.04732138832243185,96.66666666666667,57.5,94.58333333333333,27.083333333333332,94.41666666666667,17.083333333333332,97.75,20.0,84.83333333333333,129.16666666666666,92.41666666666667,100.41666666666667,96.1111111111111,59.166666666666664,95.27777777777777,37.291666666666664,93.83333333333333,53.40277777777778,91.36805555555556,94.7048611111111,1.9512579038683189,4.093756023975716,3.9332378908423666,1,1,0,0
2021-04-04 08:00:00,92.5,110.0,國道1號_北向_五甲系統交流道_瑞隆路交流道,2021,4,4,8,6,94,1,0,1,1,1,0,spring,0,1,0,0,1,0,0,2,0,0,1,0.8660254037844387,-0.4999999999999998,-0.7818314824680299,0.6234898018587334,0.8660254037844387,-0.4999999999999998,0.9988797155850336,-0.04732138832243185,97.08333333333333,92.91666666666667,96.66666666666667,57.5,94.58333333333333,27.083333333333332,96.83333333333333,15.833333333333334,85.66666666666667,117.08333333333333,90.08333333333333,134.16666666666666,95.41666666666667,86.80555555555556,94.55555555555556,52.98611111111111,94.40277777777777,52.8125,91.46875,93.69791666666667,2.059305888094759,3.2409223133355822,3.9298508057014634,1,1,0,0
2021-04-04 09:00:00,90.66666666666667,122.5,國道1號_北向_五甲系統交流道_瑞隆路交流道,2021,4,4,9,6,94,1,0,1,1,1,0,spring,0,0,0,0,0,0,1,0,0,0,1,0.7071067811865476,-0.7071067811865475,-0.7818314824680299,0.6234898018587334,0.8660254037844387,-0.4999999999999998,0.9988797155850336,-0.04732138832243185,92.5,110.0,97.08333333333333,92.91666666666667,96.66666666666667,57.5,92.08333333333333,13.333333333333334,87.58333333333333,111.25,87.83333333333333,150.41666666666666,93.41666666666667,108.47222222222223,94.31944444444444,71.18055555555556,94.65972222222223,53.75,91.58680555555556,92.53472222222221,2.444618049391017,2.7336424283224954,3.8577889689125584,0,0,0,0
2021-04-04 10:00:00,91.25,100.41666666666667,國道1號_北向_五甲系統交流道_瑞隆路交流道,2021,4,4,10,6,94,1,0,1,1,1,0,spring,0,0,0,0,0,0,1,0,0,0,1,0.49999999999999994,-0.8660254037844387,-0.7818314824680299,0.6234898018587334,0.8660254037844387,-0.4999999999999998,0.9988797155850336,-0.04732138832243185,90.66666666666667,122.5,92.5,110.0,97.08333333333333,92.91666666666667,94.41666666666667,17.083333333333332,90.16666666666667,77.08333333333333,88.58333333333333,140.0,91.47222222222223,110.97222222222221,93.79166666666667,85.06944444444444,94.75,55.694444444444436,91.69791666666667,90.88541666666667,2.7430467651056123,2.5856538942025935,3.805571533694723,0,0,0,0
2021-04-04 11:00:00,93.0,107.08333333333333,國道1號_北向_五甲系統交流道_瑞隆路交流道,2021,4,4,11,6,94,1,0,1,1,1,0,spring,0,0,0,1,1,0,1,1,0,0,1,0.258819045102521,-0.9659258262890682,-0.7818314824680299,0.6234898018587334,0.8660254037844387,-0.4999999999999998,0.9988797155850336,-0.04732138832243185,91.25,100.41666666666667,90.66666666666667,122.5,92.5,110.0,94.58333333333333,27.083333333333332,95.33333333333333,59.583333333333336,89.0,130.41666666666666,91.6388888888889,110.0,93.52777777777777,98.40277777777777,94.55555555555556,59.65277777777778,91.86458333333333,89.91319444444444,2.7277721203834995,2.6252304692796042,3.769699665441906,1,1,0,0
2021-04-04 12:00:00,94.5,96.25,國道1號_北向_五甲系統交流道_瑞隆路交流道,2021,4,4,12,6,94,1,0,1,1,1,0,spring,0,0,0,1,1,0,1,1,0,0,1,1.2246467991473532e-16,-1.0,-0.7818314824680299,0.6234898018587334,0.8660254037844387,-0.4999999999999998,0.9988797155850336,-0.04732138832243185,93.0,107.08333333333333,91.25,100.41666666666667,90.66666666666667,122.5,96.66666666666667,57.5,97.83333333333333,32.083333333333336,91.0,114.58333333333333,92.91666666666667,101.25,93.16666666666667,104.8611111111111,94.27777777777777,65.0,92.01041666666667,89.14930555555556,2.345800029367048,2.4147937709518756,3.8023569238471646,1,1,0,0
2021-04-04 13:00:00,91.75,130.41666666666666,國道1號_北向_五甲系統交流道_瑞隆路交流道,2021,4,4,13,6,94,1,0,1,1,1,0,spring,0,0,0,0,0,0,1,0,0,0,1,-0.2588190451025208,-0.9659258262890683,-0.7818314824680299,0.6234898018587334,0.8660254037844387,-0.4999999999999998,0.9988797155850336,-0.04732138832243185,94.5,96.25,93.0,107.08333333333333,91.25,100.41666666666667,97.08333333333333,92.91666666666667,97.75,20.0,89.0,130.41666666666666,93.08333333333333,111.25,92.27777777777777,111.11111111111113,93.77777777777777,74.2013888888889,92.125,89.14930555555556,1.37403164554658,2.245740449907167,3.748751805150393,0,0,0,0
2021-04-04 14:00:00,92.0,131.25,國道1號_北向_五甲系統交流道_瑞隆路交流道,2021,4,4,14,6,94,1,0,1,1,1,0,spring,0,0,0,0,0,0,1,0,0,0,1,-0.4999999999999997,-0.8660254037844388,-0.7818314824680299,0.6234898018587334,0.8660254037844387,-0.4999999999999998,0.9988797155850336,-0.04732138832243185,91.75,130.41666666666666,94.5,96.25,93.0,107.08333333333333,92.5,110.0,96.83333333333333,15.833333333333334,89.66666666666667,141.25,92.75,119.30555555555554,92.19444444444444,114.65277777777779,93.375,83.81944444444444,92.22222222222223,88.7326388888889,1.3730204605852185,2.0748311358815124,3.712303823495429,0,0,0,0
2021-04-04 15:00:00,90.91666666666667,141.66666666666666,國道1號_北向_五甲系統交流道_瑞隆路交流道,2021,4,4,15,6,94,1,0,1,1,1,0,spring,0,0,0,0,0,0,1,0,0,0,1,-0.7071067811865471,-0.7071067811865479,-0.7818314824680299,0.6234898018587334,0.8660254037844387,-0.4999999999999998,0.9988797155850336,-0.04732138832243185,92.0,131.25,91.75,130.41666666666666,94.5,96.25,90.66666666666667,122.5,92.08333333333333,13.333333333333334,89.83333333333333,147.91666666666666,91.55555555555554,134.44444444444443,92.23611111111113,117.84722222222223,93.27777777777779,94.5138888888889,92.2673611111111,88.47222222222221,1.320160624346349,2.1661809867458452,3.688503745864004,0,0,0,0
2021-04-04 16:00:00,91.58333333333333,130.41666666666666,國道1號_北向_五甲系統交流道_瑞隆路交流道,2021,4,4,16,6,94,1,0,1,1,1,0,spring,0,0,0,0,0,0,1,0,0,0,1,-0.8660254037844385,-0.5000000000000004,-0.7818314824680299,0.6234898018587334,0.8660254037844387,-0.4999999999999998,0.9988797155850336,-0.04732138832243185,90.91666666666667,141.66666666666666,92.0,131.25,91.75,130.41666666666666,91.25,100.41666666666667,94.41666666666667,17.083333333333332,88.66666666666667,145.41666666666666,91.5,134.44444444444443,92.29166666666667,122.84722222222221,93.04166666666667,103.95833333333333,92.3888888888889,87.84722222222223,1.276660139235025,2.1850906645080843,3.611965710841711,0,0,0,0
2021-04-04 17:00:00,91.08333333333333,129.58333333333334,國道1號_北向_五甲系統交流道_瑞隆路交流道,2021,4,4,17,6,94,1,0,1,1,1,0,spring,0,0,1,0,1,0,1,2,0,0,1,-0.9659258262890683,-0.25881904510252063,-0.7818314824680299,0.6234898018587334,0.8660254037844387,-0.4999999999999998,0.9988797155850336,-0.04732138832243185,91.58333333333333,130.41666666666666,90.91666666666667,141.66666666666666,92.0,131.25,93.0,107.08333333333333,94.58333333333333,27.083333333333332,89.58333333333333,149.58333333333334,91.19444444444444,133.88888888888889,91.97222222222223,126.59722222222223,92.75,112.5,92.4513888888889,87.01388888888887,1.3034853562946012,2.19417272323606,3.5740878930589774,1,1,0,0
2021-04-04 18:00:00,88.08333333333333,113.75,國道1號_北向_五甲系統交流道_瑞隆路交流道,2021,4,4,18,6,94,1,0,1,1,1,0,spring,0,0,1,0,1,0,0,2,0,0,1,-1.0,-1.8369701987210297e-16,-0.7818314824680299,0.6234898018587334,0.8660254037844387,-0.4999999999999998,0.9988797155850336,-0.04732138832243185,91.08333333333333,129.58333333333334,91.58333333333333,130.41666666666666,90.91666666666667,141.66666666666666,94.5,96.25,96.66666666666667,57.5,88.75,118.75,90.25,124.58333333333333,90.90277777777777,129.51388888888889,92.03472222222223,117.1875,92.4236111111111,86.80555555555554,1.439923480477251,2.2003381091577943,3.6065490506508255,1,1,0,0
2021-04-04 19:00:00,85.75,129.58333333333334,國道1號_北向_五甲系統交流道_瑞隆路交流道,2021,4,4,19,6,94,1,0,1,1,1,0,spring,0,0,0,0,0,0,0,0,0,0,1,-0.9659258262890684,0.2588190451025203,-0.7818314824680299,0.6234898018587334,0.8660254037844387,-0.4999999999999998,0.9988797155850336,-0.04732138832243185,88.08333333333333,113.75,91.08333333333333,129.58333333333334,91.58333333333333,130.41666666666666,91.75,130.41666666666666,97.08333333333333,92.91666666666667,84.83333333333333,129.16666666666666,88.30555555555556,124.30555555555554,89.90277777777777,129.375,91.09027777777777,120.24305555555554,92.46180555555554,86.82291666666667,2.457650564318716,2.267596270308559,3.5266394041803477,0,0,0,0
2021-04-04 20:00:00,86.16666666666667,110.0,國道1號_北向_五甲系統交流道_瑞隆路交流道,2021,4,4,20,6,94,1,0,1,1,1,0,spring,0,0,0,0,0,0,0,0,0,0,1,-0.8660254037844386,0.5000000000000001,-0.7818314824680299,0.6234898018587334,0.8660254037844387,-0.4999999999999998,0.9988797155850336,-0.04732138832243185,85.75,129.58333333333334,88.08333333333333,113.75,91.08333333333333,129.58333333333334,92.0,131.25,92.5,110.0,85.66666666666667,117.08333333333333,86.66666666666667,117.77777777777777,88.93055555555556,125.83333333333333,90.5625,120.24305555555554,92.4826388888889,86.52777777777777,2.611096335655504,2.6194024011963988,3.485995027610933,0,0,0,0
2021-04-04 21:00:00,88.91666666666667,110.0,國道1號_北向_五甲系統交流道_瑞隆路交流道,2021,4,4,21,6,94,1,0,1,1,1,0,spring,0,0,0,0,0,0,0,0,0,0,1,-0.7071067811865477,0.7071067811865474,-0.7818314824680299,0.6234898018587334,0.8660254037844387,-0.4999999999999998,0.9988797155850336,-0.04732138832243185,86.16666666666667,110.0,85.75,129.58333333333334,88.08333333333333,113.75,90.91666666666667,141.66666666666666,90.66666666666667,122.5,87.58333333333333,111.25,86.94444444444446,116.52777777777777,88.59722222222223,120.55555555555554,90.41666666666667,119.20138888888887,92.53819444444444,86.47569444444444,2.428086047044315,2.6614532371117994,3.4144106343366407,0,0,0,0
2021-04-04 22:00:00,94.08333333333333,80.41666666666667,國道1號_北向_五甲系統交流道_瑞隆路交流道,2021,4,4,22,6,94,1,0,1,1,1,0,spring,0,0,0,0,0,0,0,0,0,0,1,-0.5000000000000004,0.8660254037844384,-0.7818314824680299,0.6234898018587334,0.8660254037844387,-0.4999999999999998,0.9988797155850336,-0.04732138832243185,88.91666666666667,110.0,86.16666666666667,110.0,85.75,129.58333333333334,91.58333333333333,130.41666666666666,91.25,100.41666666666667,90.16666666666667,77.08333333333333,89.72222222222223,100.13888888888887,89.0138888888889,112.22222222222223,90.65277777777777,117.53472222222223,92.7013888888889,86.61458333333333,3.1501396206563865,2.860350982678042,3.3896436357610944,0,0,0,0
2021-04-04 23:00:00,95.16666666666667,55.833333333333336,國道1號_北向_五甲系統交流道_瑞隆路交流道,2021,4,4,23,6,94,1,0,1,1,1,0,spring,0,0,0,0,0,0,0,0,0,0,1,-0.25881904510252157,0.9659258262890681,-0.7818314824680299,0.6234898018587334,0.8660254037844387,-0.4999999999999998,0.9988797155850336,-0.04732138832243185,94.08333333333333,80.41666666666667,88.91666666666667,110.0,86.16666666666667,110.0,91.08333333333333,129.58333333333334,93.0,107.08333333333333,95.33333333333333,59.583333333333336,92.72222222222223,82.08333333333333,89.69444444444444,99.93055555555556,90.83333333333333,113.26388888888887,92.69444444444444,86.45833333333333,4.010287696338895,3.081797324204533,3.38418339669703,0,0,0,0
2021-04-05 00:00:00,96.25,36.25,國道1號_北向_五甲系統交流道_瑞隆路交流道,2021,4,5,0,0,95,0,1,1,0,1,0,spring,0,0,0,0,0,1,0,0,0,0,1,0.0,1.0,0.0,1.0,0.8660254037844387,-0.4999999999999998,0.9979171608653922,-0.06450844944931623,95.16666666666667,55.833333333333336,94.08333333333333,80.41666666666667,88.91666666666667,110.0,88.08333333333333,113.75,94.5,96.25,97.83333333333333,32.083333333333336,95.16666666666667,57.49999999999999,91.05555555555556,87.0138888888889,90.97916666666667,108.26388888888887,92.62847222222223,86.63194444444444,4.68350138093128,3.304443939223995,3.293876910366278,0,0,0,0
2021-04-05 01:00:00,98.0,19.166666666666668,國道1號_北向_五甲系統交流道_瑞隆路交流道,2021,4,5,1,0,95,0,1,1,0,1,0,spring,0,0,0,0,0,1,0,0,0,0,1,0.25881904510252074,0.9659258262890683,0.0,1.0,0.8660254037844387,-0.4999999999999998,0.9979171608653922,-0.06450844944931623,96.25,36.25,95.16666666666667,55.833333333333336,94.08333333333333,80.41666666666667,85.75,129.58333333333334,91.75,130.41666666666666,97.75,20.0,96.47222222222223,37.08333333333332,93.09722222222223,68.61111111111111,91.5,98.99305555555556,92.6388888888889,86.59722222222221,4.576939985364692,3.8794980410491786,3.3111277274815656,0,0,0,0
2021-04-05 02:00:00,95.41666666666667,12.916666666666666,國道1號_北向_五甲系統交流道_瑞隆路交流道,2021,4,5,2,0,95,0,1,1,0,1,0,spring,0,0,0,0,0,1,0,0,0,0,1,0.49999999999999994,0.8660254037844387,0.0,1.0,0.8660254037844387,-0.4999999999999998,0.9979171608653922,-0.06450844944931623,98.0,19.166666666666668,96.25,36.25,95.16666666666667,55.833333333333336,86.16666666666667,110.0,92.0,131.25,96.83333333333333,15.833333333333334,96.55555555555554,22.777777777777768,94.6388888888889,52.43055555555555,91.78472222222223,89.13194444444446,92.5798611111111,86.47569444444446,3.092853171545922,4.041523479708655,3.2450705059469516,0,0,0,0
2021-04-05 03:00:00,93.25,14.583333333333334,國道1號_北向_五甲系統交流道_瑞隆路交流道,2021,4,5,3,0,95,0,1,1,0,1,0,spring,0,0,0,0,0,1,0,0,0,0,1,0.7071067811865476,0.7071067811865476,0.0,1.0,0.8660254037844387,-0.4999999999999998,0.9979171608653922,-0.06450844944931623,95.41666666666667,12.916666666666666,98.0,19.166666666666668,96.25,36.25,88.91666666666667,110.0,90.91666666666667,141.66666666666666,92.08333333333333,13.333333333333334,95.55555555555554,15.555555555555548,95.36111111111113,36.52777777777778,91.97916666666667,78.54166666666667,92.62847222222221,86.52777777777777,1.6663888657372183,4.052079681777499,3.2460473145468702,0,0,0,0
2021-04-05 04:00:00,95.83333333333333,15.833333333333334,國道1號_北向_五甲系統交流道_瑞隆路交流道,2021,4,5,4,0,95,0,1,1,0,1,0,spring,0,0,0,0,0,1,0,0,0,0,1,0.8660254037844386,0.5000000000000001,0.0,1.0,0.8660254037844387,-0.4999999999999998,0.9979171608653922,-0.06450844944931623,93.25,14.583333333333334,95.41666666666667,12.916666666666666,98.0,19.166666666666668,94.08333333333333,80.41666666666667,91.58333333333333,130.41666666666666,94.41666666666667,17.083333333333332,94.83333333333333,14.444444444444436,95.65277777777777,25.763888888888886,92.33333333333333,68.99305555555556,92.6875,86.47569444444444,1.546875584549472,4.197461955597227,3.29252648832602,0,0,0,0
2021-04-05 05:00:00,94.66666666666667,22.083333333333332,國道1號_北向_五甲系統交流道_瑞隆路交流道,2021,4,5,5,0,95,0,1,1,0,1,0,spring,0,0,0,0,0,1,0,0,0,0,1,0.9659258262890683,0.25881904510252074,0.0,1.0,0.8660254037844387,-0.4999999999999998,0.9979171608653922,-0.06450844944931623,95.83333333333333,15.833333333333334,93.25,14.583333333333334,95.41666666666667,12.916666666666666,95.16666666666667,55.833333333333336,91.08333333333333,129.58333333333334,94.58333333333333,27.083333333333332,94.58333333333333,17.49999999999999,95.56944444444446,20.13888888888889,92.63194444444444,60.03472222222222,92.69097222222221,86.26736111111113,1.5911357462404443,4.227802748170762,3.2946559685171444,0,0,0,0
2021-04-05 06:00:00,94.58333333333333,47.916666666666664,國道1號_北向_五甲系統交流道_瑞隆路交流道,2021,4,5,6,0,95,0,1,1,0,1,0,spring,0,0,0,0,0,1,0,0,0,0,1,1.0,6.123233995736766e-17,0.0,1.0,0.8660254037844387,-0.4999999999999998,0.9979171608653922,-0.06450844944931623,94.66666666666667,22.083333333333332,95.83333333333333,15.833333333333334,93.25,14.583333333333334,96.25,36.25,88.08333333333333,113.75,96.66666666666667,57.5,95.02777777777777,28.6111111111111,95.29166666666667,22.083333333333332,93.17361111111113,54.548611111111114,92.60416666666667,85.86805555555556,1.594042729108388,4.002439018603803,3.2117547162708258,0,0,0,0
2021-04-05 07:00:00,94.0,81.66666666666667,國道1號_北向_五甲系統交流道_瑞隆路交流道,2021,4,5,7,0,95,0,1,1,0,1,0,spring,0,1,0,0,1,0,0,2,0,0,1,0.9659258262890683,-0.25881904510252063,0.0,1.0,0.8660254037844387,-0.4999999999999998,0.9979171608653922,-0.06450844944931623,94.58333333333333,47.916666666666664,94.66666666666667,22.083333333333332,95.83333333333333,15.833333333333334,98.0,19.166666666666668,85.75,129.58333333333334,97.08333333333333,92.91666666666667,94.41666666666667,50.55555555555554,94.625,32.5,93.86111111111113,50.55555555555555,92.47569444444444,85.39930555555554,0.9350430768453716,3.248996218984472,3.0839187817345195,0,1,0,0
2021-04-05 08:00:00,91.58333333333333,98.33333333333333,國道1號_北向_五甲系統交流道_瑞隆路交流道,2021,4,5,8,0,95,0,1,1,0,1,0,spring,0,1,0,0,1,0,0,2,0,0,1,0.8660254037844387,-0.4999999999999998,0.0,1.0,0.8660254037844387,-0.4999999999999998,0.9979171608653922,-0.06450844944931623,94.0,81.66666666666667,94.58333333333333,47.916666666666664,94.66666666666667,22.083333333333332,95.41666666666667,12.916666666666666,86.16666666666667,110.0,92.5,110.0,93.38888888888887,75.97222222222221,93.9861111111111,46.736111111111114,94.3125,49.583333333333336,92.4375,84.91319444444444,1.4524085997891478,2.3287631108082945,3.089276489253288,0,1,0,0
2021-04-05 09:00:00,89.75,117.5,國道1號_北向_五甲系統交流道_瑞隆路交流道,2021,4,5,9,0,95,0,1,1,0,1,0,spring,0,0,0,0,0,0,1,0,0,0,1,0.7071067811865476,-0.7071067811865475,0.0,1.0,0.8660254037844387,-0.4999999999999998,0.9979171608653922,-0.06450844944931623,91.58333333333333,98.33333333333333,94.0,81.66666666666667,94.58333333333333,47.916666666666664,93.25,14.583333333333334,88.91666666666667,110.0,90.66666666666667,122.5,91.77777777777779,99.16666666666667,93.40277777777777,63.888888888888886,94.38194444444444,50.208333333333336,92.39930555555556,84.7048611111111,2.2763376206010237,2.159503992027193,3.1176584454955467,0,0,0,0
2021-04-05 10:00:00,90.0,126.66666666666667,國道1號_北向_五甲系統交流道_瑞隆路交流道,2021,4,5,10,0,95,0,1,1,0,1,0,spring,0,0,0,0,0,0,1,0,0,0,1,0.49999999999999994,-0.8660254037844387,0.0,1.0,0.8660254037844387,-0.4999999999999998,0.9979171608653922,-0.06450844944931623,89.75,117.5,91.58333333333333,98.33333333333333,94.0,81.66666666666667,95.83333333333333,15.833333333333334,94.08333333333333,80.41666666666667,91.25,100.41666666666667,90.44444444444446,114.16666666666664,92.43055555555556,82.36111111111111,94.04166666666667,54.0625,92.34722222222223,85.79861111111113,2.276337620600966,2.504919402320196,3.1479871134336923,0,0,0,0
2021-04-05 11:00:00,89.41666666666667,128.33333333333334,國道1號_北向_五甲系統交流道_瑞隆路交流道,2021,4,5,11,0,95,0,1,1,0,1,0,spring,0,0,0,1,1,0,1,1,0,0,1,0.258819045102521,-0.9659258262890682,0.0,1.0,0.8660254037844387,-0.4999999999999998,0.9979171608653922,-0.06450844944931623,90.0,126.66666666666667,89.75,117.5,91.58333333333333,98.33333333333333,94.66666666666667,22.083333333333332,95.16666666666667,55.833333333333336,93.0,107.08333333333333,89.72222222222223,124.16666666666667,91.55555555555556,100.06944444444446,93.5625,60.104166666666664,92.19791666666667,86.68402777777777,2.2538033697795563,2.8024441442814205,3.200223846714807,0,1,0,0
2021-04-05 12:00:00,90.83333333333333,107.08333333333333,國道1號_北向_五甲系統交流道_瑞隆路交流道,2021,4,5,12,0,95,0,1,1,0,1,0,spring,0,0,0,1,1,0,1,1,0,0,1,1.2246467991473532e-16,-1.0,0.0,1.0,0.8660254037844387,-0.4999999999999998,0.9979171608653922,-0.06450844944931623,89.41666666666667,128.33333333333334,90.0,126.66666666666667,89.75,117.5,94.58333333333333,47.916666666666664,96.25,36.25,94.5,96.25,90.08333333333333,120.69444444444444,90.93055555555556,109.93055555555556,93.1111111111111,66.00694444444444,92.0451388888889,87.13541666666667,1.6975608863787042,2.7662133010552816,3.1729513500408806,0,1,0,0
2021-04-05 13:00:00,90.16666666666667,122.91666666666667,國道1號_北向_五甲系統交流道_瑞隆路交流道,2021,4,5,13,0,95,0,1,1,0,1,0,spring,0,0,0,0,0,0,1,0,0,0,1,-0.2588190451025208,-0.9659258262890683,0.0,1.0,0.8660254037844387,-0.4999999999999998,0.9979171608653922,-0.06450844944931623,90.83333333333333,107.08333333333333,89.41666666666667,128.33333333333334,90.0,126.66666666666667,94.0,81.66666666666667,98.0,19.166666666666668,91.75,130.41666666666666,90.1388888888889,119.44444444444444,90.29166666666667,116.80555555555554,92.45833333333333,74.65277777777779,91.97916666666667,86.82291666666667,0.7901300877420592,2.408816927435175,3.195733304369594,0,0,0,0
2021-04-05 14:00:00,89.5,135.0,國道1號_北向_五甲系統交流道_瑞隆路交流道,2021,4,5,14,0,95,0,1,1,0,1,0,spring,0,0,0,0,0,0,1,0,0,0,1,-0.4999999999999997,-0.8660254037844388,0.0,1.0,0.8660254037844387,-0.4999999999999998,0.9979171608653922,-0.06450844944931623,90.16666666666667,122.91666666666667,90.83333333333333,107.08333333333333,89.41666666666667,128.33333333333334,91.58333333333333,98.33333333333333,95.41666666666667,12.916666666666666,92.0,131.25,90.16666666666667,121.66666666666667,89.94444444444444,122.91666666666667,91.96527777777777,84.82638888888889,91.875,86.97916666666667,0.5208611103700562,2.3531244899748067,3.2355214469720996,0,0,0,0
2021-04-05 15:00:00,91.33333333333333,152.08333333333334,國道1號_北向_五甲系統交流道_瑞隆路交流道,2021,4,5,15,0,95,0,1,1,0,1,0,spring,0,0,0,0,0,0,1,0,0,0,1,-0.7071067811865471,-0.7071067811865479,0.0,1.0,0.8660254037844387,-0.4999999999999998,0.9979171608653922,-0.06450844944931623,89.5,135.0,90.16666666666667,122.91666666666667,90.83333333333333,107.08333333333333,89.75,117.5,93.25,14.583333333333334,90.91666666666667,141.66666666666666,90.33333333333333,136.66666666666666,90.20833333333333,128.68055555555557,91.80555555555554,96.28472222222223,91.89236111111113,87.41319444444444,0.7523112535526223,2.322848013887747,3.2312707419667737,0,0,0,0
2021-04-05 16:00:00,90.41666666666667,148.75,國道1號_北向_五甲系統交流道_瑞隆路交流道,2021,4,5,16,0,95,0,1,1,0,1,0,spring,0,0,0,0,0,0,1,0,0,0,1,-0.8660254037844385,-0.5000000000000004,0.0,1.0,0.8660254037844387,-0.4999999999999998,0.9979171608653922,-0.06450844944931623,91.33333333333333,152.08333333333334,89.5,135.0,90.16666666666667,122.91666666666667,90.0,126.66666666666667,95.83333333333333,15.833333333333334,91.58333333333333,130.41666666666666,90.41666666666667,145.2777777777778,90.27777777777777,132.36111111111111,91.35416666666667,107.3611111111111,91.84375,88.17708333333333,0.7484551991835575,1.9682213295307094,3.2448689056687408,0,0,0,0
2021-04-05 17:00:00,89.91666666666667,146.25,國道1號_北向_五甲系統交流道_瑞隆路交流道,2021,4,5,17,0,95,0,1,1,0,1,0,spring,0,0,1,0,1,0,1,2,0,0,1,-0.9659258262890683,-0.25881904510252063,0.0,1.0,0.8660254037844387,-0.4999999999999998,0.9979171608653922,-0.06450844944931623,90.41666666666667,148.75,91.33333333333333,152.08333333333334,89.5,135.0,89.41666666666667,128.33333333333334,94.66666666666667,22.083333333333332,91.08333333333333,129.58333333333334,90.55555555555554,149.0277777777778,90.36111111111113,135.3472222222222,90.95833333333333,117.70833333333333,91.79513888888887,88.87152777777777,0.6554613868332477,1.7009726866730024,3.2654296651046675,0,1,0,0
2021-04-05 18:00:00,85.75,127.08333333333333,國道1號_北向_五甲系統交流道_瑞隆路交流道,2021,4,5,18,0,95,0,1,1,0,1,0,spring,0,0,1,0,1,0,0,2,0,0,1,-1.0,-1.8369701987210297e-16,0.0,1.0,0.8660254037844387,-0.4999999999999998,0.9979171608653922,-0.06450844944931623,89.91666666666667,146.25,90.41666666666667,148.75,91.33333333333333,152.08333333333334,90.83333333333333,107.08333333333333,94.58333333333333,47.916666666666664,88.08333333333333,113.75,88.69444444444446,140.69444444444443,89.51388888888887,138.68055555555557,90.22222222222223,124.30555555555554,91.69791666666667,89.42708333333333,1.9432337500689227,1.8904108544580447,3.4121844494973184,0,1,0,0
2021-04-05 19:00:00,83.91666666666667,121.66666666666667,國道1號_北向_五甲系統交流道_瑞隆路交流道,2021,4,5,19,0,95,0,1,1,0,1,0,spring,0,0,0,0,0,0,0,0,0,0,1,-0.9659258262890684,0.2588190451025203,0.0,1.0,0.8660254037844387,-0.4999999999999998,0.9979171608653922,-0.06450844944931623,85.75,127.08333333333333,89.91666666666667,146.25,90.41666666666667,148.75,90.16666666666667,122.91666666666667,94.0,81.66666666666667,85.75,129.58333333333334,86.52777777777777,131.66666666666666,88.47222222222223,138.47222222222223,89.38194444444444,127.6388888888889,91.62152777777779,89.09722222222223,2.9418751893356863,2.262858413302279,3.5680901912257537,0,0,0,0
2021-04-05 20:00:00,86.83333333333333,112.08333333333333,國道1號_北向_五甲系統交流道_瑞隆路交流道,2021,4,5,20,0,95,0,1,1,0,1,0,spring,0,0,0,0,0,0,0,0,0,0,1,-0.8660254037844386,0.5000000000000001,0.0,1.0,0.8660254037844387,-0.4999999999999998,0.9979171608653922,-0.06450844944931623,83.91666666666667,121.66666666666667,85.75,127.08333333333333,89.91666666666667,146.25,89.5,135.0,91.58333333333333,98.33333333333333,86.16666666666667,110.0,85.5,120.27777777777777,88.02777777777779,134.65277777777777,88.9861111111111,128.7847222222222,91.64930555555554,89.18402777777779,2.9569441182608873,2.258215454078023,3.526125678235501,0,0,0,0
2021-04-05 21:00:00,90.75,99.16666666666667,國道1號_北向_五甲系統交流道_瑞隆路交流道,2021,4,5,21,0,95,0,1,1,0,1,0,spring,0,0,0,0,0,0,0,0,0,0,1,-0.7071067811865477,0.7071067811865474,0.0,1.0,0.8660254037844387,-0.4999999999999998,0.9979171608653922,-0.06450844944931623,86.83333333333333,112.08333333333333,83.91666666666667,121.66666666666667,85.75,127.08333333333333,91.33333333333333,152.08333333333334,89.75,117.5,88.91666666666667,110.0,87.16666666666667,110.97222222222223,87.93055555555554,125.83333333333333,89.06944444444444,127.25694444444444,91.72569444444444,88.7326388888889,2.8335375743378277,2.3068938552215665,3.4839590283572734,0,0,0,0
2021-04-05 22:00:00,94.66666666666667,60.0,國道1號_北向_五甲系統交流道_瑞隆路交流道,2021,4,5,22,0,95,0,1,1,0,1,0,spring,0,0,0,0,0,0,0,0,0,0,1,-0.5000000000000004,0.8660254037844384,0.0,1.0,0.8660254037844387,-0.4999999999999998,0.9979171608653922,-0.06450844944931623,90.75,99.16666666666667,86.83333333333333,112.08333333333333,83.91666666666667,121.66666666666667,90.41666666666667,148.75,90.0,126.66666666666667,94.08333333333333,80.41666666666667,90.75,90.41666666666667,88.6388888888889,111.04166666666667,89.45833333333333,121.7013888888889,91.75,87.88194444444446,3.9071397134911927,2.815339475735755,3.503104213470505,0,0,0,0
2021-04-05 23:00:00,95.5,45.833333333333336,國道1號_北向_五甲系統交流道_瑞隆路交流道,2021,4,5,23,0,95,0,1,1,0,1,0,spring,0,0,0,0,0,0,0,0,0,0,1,-0.25881904510252157,0.9659258262890681,0.0,1.0,0.8660254037844387,-0.4999999999999998,0.9979171608653922,-0.06450844944931623,94.66666666666667,60.0,90.75,99.16666666666667,86.83333333333333,112.08333333333333,89.91666666666667,146.25,89.41666666666667,128.33333333333334,95.16666666666667,55.833333333333336,93.6388888888889,68.33333333333334,89.56944444444444,94.30555555555556,89.96527777777777,114.82638888888887,91.7638888888889,87.46527777777779,4.828565656206387,3.311187482171189,3.51786903913286,0,0,0,0
2021-04-06 00:00:00,94.83333333333333,27.5,國道1號_北向_五甲系統交流道_瑞隆路交流道,2021,4,6,0,1,96,0,1,0,0,0,0,spring,0,0,0,0,0,1,0,0,0,0,1,0.0,1.0,0.7818314824680298,0.6234898018587336,0.8660254037844387,-0.4999999999999998,0.9966589017541702,-0.08167639533042241,95.5,45.833333333333336,94.66666666666667,60.0,90.75,99.16666666666667,85.75,127.08333333333333,90.83333333333333,107.08333333333333,96.25,36.25,95.0,44.44444444444445,91.08333333333333,77.70833333333333,90.2986111111111,108.19444444444444,91.7048611111111,87.10069444444446,4.815484283941624,3.5956374965690836,3.4505634881375964,0,0,0,0
2021-04-06 01:00:00,96.0,15.0,國道1號_北向_五甲系統交流道_瑞隆路交流道,2021,4,6,1,1,96,0,1,0,0,0,0,spring,0,0,0,0,0,1,0,0,0,0,1,0.25881904510252074,0.9659258262890683,0.7818314824680298,0.6234898018587336,0.8660254037844387,-0.4999999999999998,0.9966589017541702,-0.08167639533042241,94.83333333333333,27.5,95.5,45.833333333333336,94.66666666666667,60.0,83.91666666666667,121.66666666666667,90.16666666666667,122.91666666666667,98.0,19.166666666666668,95.44444444444444,29.444444444444446,93.09722222222221,59.930555555555564,90.78472222222223,99.20138888888887,91.62152777777777,86.92708333333336,3.5894972824535127,3.9527605641425554,3.313343973850276,0,0,0,0
2021-04-06 02:00:00,97.16666666666667,11.666666666666666,國道1號_北向_五甲系統交流道_瑞隆路交流道,2021,4,6,2,1,96,0,1,0,0,0,0,spring,0,0,0,0,0,1,0,0,0,0,1,0.49999999999999994,0.8660254037844387,0.7818314824680298,0.6234898018587336,0.8660254037844387,-0.4999999999999998,0.9966589017541702,-0.08167639533042241,96.0,15.0,94.83333333333333,27.5,95.5,45.833333333333336,86.83333333333333,112.08333333333333,89.5,135.0,95.41666666666667,12.916666666666666,96.0,18.055555555555554,94.81944444444444,43.19444444444445,91.4236111111111,88.9236111111111,91.69444444444446,86.875,2.188617439457421,4.328006389755414,3.418095023691165,0,0,0,0
2021-04-06 03:00:00,91.16666666666667,15.416666666666666,國道1號_北向_五甲系統交流道_瑞隆路交流道,2021,4,6,3,1,96,0,1,0,0,0,0,spring,0,0,0,0,0,1,0,0,0,0,1,0.7071067811865476,0.7071067811865476,0.7818314824680298,0.6234898018587336,0.8660254037844387,-0.4999999999999998,0.9966589017541702,-0.08167639533042241,97.16666666666667,11.666666666666666,96.0,15.0,94.83333333333333,27.5,90.75,99.16666666666667,91.33333333333333,152.08333333333334,93.25,14.583333333333334,94.77777777777779,14.027777777777777,94.8888888888889,29.23611111111111,91.40972222222223,77.53472222222221,91.6076388888889,86.90972222222223,2.034881013902683,4.328589818268092,3.4032947206665196,0,0,0,0
